<?xml version="1.0" encoding="UTF-8"?>
<c3p0-config>
	<default-config>
		<!-- mysql的数据库连接驱动 -->
		<property name="driverClass">com.mysql.jdbc.Driver</property>
		<!-- 数据库连接地址 -->
		<property name="jdbcUrl">jdbc:mysql://localhost:3306/wireless</property>
		<!-- 用户名 -->
		<property name="user">root</property>
		<!-- 密码 -->
		<property name="password">root</property>
		<property name="acquireIncrement">5</property>
		<property name="initialPoolSize">10</property>
		<property name="minPoolSize">5</property>
		<property name="maxPoolSize">20</property>		
	</default-config>
</c3p0-config>

