<job version="4.1">
<exportjob>
<source>
<host>localhost</host>
<user>root</user>
<pwd>root</pwd>
<port>3306</port>
<database>test</database>
</source>
<export>
<tables all="yes" /><script fileordir="file">c:\x.sql</script></export><options>
<createdb>yes</createdb>
<usedb>yes</usedb>
<droptable>yes</droptable>
<bulkinsert>yes</bulkinsert>
<completeinsert>yes</completeinsert>
<insertdelayed>yes</insertdelayed>
<flushlogs>no</flushlogs>
<flushmaster>no</flushmaster>
<flushslave>no</flushslave>
<locktableread>yes</locktableread>
<disablekeys>yes</disablekeys>
<locktablewrite>yes</locktablewrite>
<fkchecks>yes</fkchecks>
<autocommit>yes</autocommit>
<appendtofile>no</appendtofile>
</options>
<abortonerror>no</abortonerror><sendreport send="no" /></exportjob>
</job>